<?xml version="1.0" encoding="UTF-8"?>
<rss version="2.0" xmlns:ror="http://rorweb.com/0.1/" >
<channel>
  <title>ROR Sitemap for https://officetohtml.js.org/index.html</title>
  <link>https://officetohtml.js.org/index.html</link>

<item>
     <link>https://officetohtml.js.org/index.html</link>
     <title>OfficeToHtml</title>
     <description>OfficeToHtml</description>
     <ror:updatePeriod></ror:updatePeriod>
     <ror:sortOrder>0</ror:sortOrder>
     <ror:resourceOf>sitemap</ror:resourceOf>
</item>
<item>
     <link>https://officetohtml.js.org/pages/docs.html</link>
     <title>OfficeJs | Docs </title>
     <description>OfficeJs | Docs </description>
     <ror:updatePeriod></ror:updatePeriod>
     <ror:sortOrder>1</ror:sortOrder>
     <ror:resourceOf>sitemap</ror:resourceOf>
</item>
<item>
     <link>https://officetohtml.js.org/pages/demos.html</link>
     <title>OfficeJs | Demos </title>
     <description>OfficeJs | Demos </description>
     <ror:updatePeriod></ror:updatePeriod>
     <ror:sortOrder>1</ror:sortOrder>
     <ror:resourceOf>sitemap</ror:resourceOf>
</item>
<item>
     <link>https://officetohtml.js.org/pages/lang.html</link>
     <title>OfficeJs | Docs</title>
     <description>OfficeJs | Docs</description>
     <ror:updatePeriod></ror:updatePeriod>
     <ror:sortOrder>2</ror:sortOrder>
     <ror:resourceOf>sitemap</ror:resourceOf>
</item>
</channel>
</rss>
  